{
    "median_eye_center": {
        "x": 0.4957382306456566,
        "y": 0.39611051231622696
    },
    "median_face_height": 0.4479338452219963,
    "median_forehead_top": {
        "x": 0.49115365743637085,
        "y": 0.25619208812713623
    },
    "median_chin_bottom": {
        "x": 0.4954790621995926,
        "y": 0.7032418251037598
    }
}