{
    "median_eye_center": {
        "x": 0.5008350238204002,
        "y": 0.4086795151233673
    },
    "median_face_height": 0.43762654066085815,
    "median_forehead_top": {
        "x": 0.49925005435943604,
        "y": 0.26674723625183105
    },
    "median_chin_bottom": {
        "x": 0.5052359700202942,
        "y": 0.7055732011795044
    }
}