{
    "median_eye_center": {
        "x": 0.4985519051551819,
        "y": 0.4067023992538452
    },
    "median_face_height": 0.45525825023651123,
    "median_forehead_top": {
        "x": 0.4950468838214874,
        "y": 0.25621557235717773
    },
    "median_chin_bottom": {
        "x": 0.5006621479988098,
        "y": 0.7111339569091797
    }
}